,Brand,Model,Mileage,Equipment,Origin,First Owner,Year,Price
60974,chery,QQ,87500,"['Leather Seats', 'Leather Seats']",Car not yet customs-cleared,Yes,2010,6060000.0
49176,hyundai,Santa Fe,145000,['Air Conditioning'],WW in Morocco,No,2010,11000000.0
60733,bmw,X3,22500,"['ABS', 'CD/MP3/Bluetooth', 'Rear Camera', 'Air Conditioning', 'Alloy Wheels', 'Speed Limiter', 'Onboard Computer', 'Parking Sensors', 'Navigation System/GPS', 'Central Locking', 'Electric Windows']",WW in Morocco,No,2010,1400000.0
98263,audi,Q5,195000,"['ABS', 'Airbags', 'CD/MP3/Bluetooth', 'Rear Camera', 'Air Conditioning', 'ESP', 'Alloy Wheels', 'Speed Limiter', 'Onboard Computer', 'Parking Sensors', 'Cruise Control', 'Leather Seats', 'Navigation System/GPS', 'Electric Windows']",WW in Morocco,No,2010,1350000.0
7554,toyota,RAV 4,225000,"['Alloy Wheels', 'Electric Windows']",WW in Morocco,No,2010,11500000.0
56295,toyota,Hilux,145000,"['Leather Seats', 'Leather Seats']",WW in Morocco,No,2011,1450000.0
60108,volkswagen,Touareg,225000,"['Leather Seats', 'Rear Camera']",Customs-cleared car,Yes,2011,1300000.0
36572,volkswagen,Amarok,195000,"['ABS', 'Airbags', 'CD/MP3/Bluetooth', 'Air Conditioning', 'ESP', 'Alloy Wheels', 'Cruise Control', 'Leather Seats', 'Navigation System/GPS', 'Central Locking', 'Electric Windows']",WW in Morocco,No,2011,1600000.0
46362,renault,Kangoo,12500,['Air Conditioning'],Customs-cleared car,Yes,2011,1111111111.0
30663,opel,Astra,225000,"['Electric Windows', 'Electric Windows']",WW in Morocco,Yes,2011,10000000.0
37186,kia,Sorento,155000,['Air Conditioning'],Customs-cleared car,No,2011,1110000.0
37277,citroen,Berlingo,22500,"['Electric Windows', 'CD/MP3/Bluetooth']",WW in Morocco,No,2011,9000000.0
67075,volkswagen,Caddy,7500,"['Rear Camera', 'Alloy Wheels']",WW in Morocco,No,2011,10500000.0
51180,volkswagen,UP,17500,"['Air Conditioning', 'Cruise Control', 'Navigation System/GPS']",WW in Morocco,Yes,2012,1200000.0
27608,volkswagen,Polo,17500,"['ABS', 'Airbags', 'CD/MP3/Bluetooth', 'Air Conditioning', 'Onboard Computer', 'Navigation System/GPS']",Customs-cleared car,No,2012,1200000.0
43515,peugeot,206+,2500,"['Leather Seats', 'CD/MP3/Bluetooth']",Customs-cleared car,No,2012,5005000.0
43481,citroen,Berlingo,195000,"['Leather Seats', 'CD/MP3/Bluetooth']",WW in Morocco,No,2012,9500000.0
34843,hyundai,Accent,2500,"['Alloy Wheels', 'CD/MP3/Bluetooth']",WW in Morocco,Yes,2012,130000000.0
56039,renault,Kangoo,425000,['Central Locking'],WW in Morocco,No,2012,7200000.0
56051,bmw,Serie 1,2500,"['ABS', 'Airbags', 'CD/MP3/Bluetooth', 'Air Conditioning', 'ESP', 'Alloy Wheels', 'Speed Limiter', 'Onboard Computer', 'Parking Sensors', 'Cruise Control', 'Electric Windows']",WW in Morocco,No,2012,1370000.0
37583,volkswagen,Amarok,195000,"['ABS', 'Airbags', 'Air Conditioning', 'ESP', 'Alloy Wheels', 'Speed Limiter', 'Cruise Control', 'Leather Seats', 'Central Locking', 'Electric Windows']",WW in Morocco,No,2012,1650000.0
77755,isuzu,D-MAX,225000,"['Electric Windows', 'Rear Camera']",WW in Morocco,No,2013,1270000.0
92916,citroen,DS 5,225000,"['ABS', 'Airbags', 'CD/MP3/Bluetooth', 'Air Conditioning', 'Alloy Wheels', 'Speed Limiter', 'Parking Sensors', 'Cruise Control', 'Navigation System/GPS']",WW in Morocco,No,2013,1200000.0
96879,ford,Focus,145000,"['ABS', 'Airbags', 'CD/MP3/Bluetooth', 'Alloy Wheels', 'Speed Limiter', 'Parking Sensors', 'Cruise Control', 'Electric Windows']",WW in Morocco,No,2013,1200000.0
42151,mitsubishi,L200,2500,"['Leather Seats', 'Leather Seats']",WW in Morocco,Yes,2013,1005000.0
51526,dacia,Logan,500001,"['Alloy Wheels', 'Central Locking']",WW in Morocco,No,2013,630226531.0
48760,ford,Focus,225000,['Alloy Wheels'],WW in Morocco,Yes,2013,1250000.0
43213,dacia,Duster,175000,"['ABS', 'Airbags', 'Air Conditioning', 'ESP', 'Alloy Wheels', 'Navigation System/GPS', 'Central Locking', 'Electric Windows']",WW in Morocco,No,2013,1050000.0
44819,ford,Transit,155000,"['CD/MP3/Bluetooth', 'Leather Seats']",WW in Morocco,No,2014,14300000.0
15032,mercedes-benz,classe_a_berline,225000,"['Rear Camera', 'Air Conditioning', 'Speed Limiter', 'Cruise Control', 'Electric Windows']",WW in Morocco,No,2014,1450000.0
87436,hyundai,ix 35,165000,"['ABS', 'Airbags', 'CD/MP3/Bluetooth', 'Rear Camera', 'Air Conditioning', 'ESP', 'Alloy Wheels', 'Speed Limiter', 'Onboard Computer', 'Parking Sensors', 'Cruise Control', 'Leather Seats', 'Central Locking']",WW in Morocco,No,2014,1500000.0
77484,volkswagen,Touran,225000,"['ABS', 'Airbags', 'CD/MP3/Bluetooth', 'Air Conditioning', 'Alloy Wheels', 'Speed Limiter', 'Onboard Computer', 'Parking Sensors', 'Cruise Control', 'Navigation System/GPS', 'Central Locking']",Customs-cleared car,Yes,2014,1800000.0
74797,hyundai,Elantra,135000,"['Airbags', 'CD/MP3/Bluetooth', 'Rear Camera', 'Alloy Wheels', 'Speed Limiter', 'Cruise Control', 'Navigation System/GPS', 'Electric Windows']",WW in Morocco,No,2014,1200000.0
4346,ford,Kuga,7500,"['Rear Camera', 'Air Conditioning', 'Alloy Wheels', 'Central Locking']",WW in Morocco,Yes,2014,1420000.0
66564,dacia,Duster,185000,"['Electric Windows', 'CD/MP3/Bluetooth']",WW in Morocco,No,2014,1150000.0
1583,jaguar,XF,225000,"['ABS', 'Airbags', 'Air Conditioning', 'Alloy Wheels', 'Speed Limiter', 'Parking Sensors', 'Cruise Control', 'Leather Seats', 'Navigation System/GPS', 'Sunroof', 'Central Locking', 'Electric Windows']",WW in Morocco,No,2014,1375000.0
49229,fiat,500,145000,"['Rear Camera', 'Electric Windows']",WW in Morocco,Yes,2014,661541639.0
44160,volkswagen,GOLF 7,225000,"['ABS', 'Airbags', 'CD/MP3/Bluetooth', 'Air Conditioning', 'ESP', 'Alloy Wheels', 'Speed Limiter', 'Onboard Computer', 'Cruise Control', 'Leather Seats', 'Navigation System/GPS', 'Sunroof', 'Central Locking', 'Electric Windows']",Customs-cleared car,No,2015,2400000.0
42552,dacia,Duster,165000,"['Rear Camera', 'CD/MP3/Bluetooth']",Customs-cleared car,No,2015,674736819.0
47484,volkswagen,Caddy,185000,"['Leather Seats', 'Leather Seats']",WW in Morocco,No,2015,1300000.0
86774,renault,12,195000,"['Airbags', 'Air Conditioning', 'Speed Limiter', 'Parking Sensors', 'Navigation System/GPS', 'Electric Windows']",Imported New,No,2015,11000000.0
33705,seat,MALAGA,17500,"['Alloy Wheels', 'Speed Limiter', 'Cruise Control', 'Navigation System/GPS', 'Electric Windows']",WW in Morocco,No,2015,628548723.0
39403,land rover,Range Rover,115000,"['Leather Seats', 'CD/MP3/Bluetooth']",Imported New,No,2015,5200000.0
39353,volkswagen,Polo,145000,"['CD/MP3/Bluetooth', 'Leather Seats']",WW in Morocco,No,2015,900000000.0
34090,chevrolet,CMP,7500,"['Air Conditioning', 'Navigation System/GPS', 'Sunroof', 'Electric Windows']",WW in Morocco,No,2015,10000000.0
44068,bmw,Serie 3,155000,"['CD/MP3/Bluetooth', 'Air Conditioning', 'Speed Limiter', 'Onboard Computer', 'Parking Sensors', 'Leather Seats', 'Central Locking', 'Electric Windows']",WW in Morocco,No,2015,1905000.0
36018,dacia,Dokker,7500,"['ABS', 'Air Conditioning', 'ESP', 'Alloy Wheels', 'Speed Limiter', 'Onboard Computer', 'Cruise Control', 'Navigation System/GPS', 'Central Locking', 'Electric Windows']",WW in Morocco,Yes,2015,1100000.0
73039,mercedes-benz,220,7500,"['Airbags', 'CD/MP3/Bluetooth', 'Air Conditioning', 'ESP', 'Alloy Wheels', 'Onboard Computer', 'Cruise Control', 'Leather Seats', 'Navigation System/GPS', 'Central Locking', 'Electric Windows']",Customs-cleared car,Yes,2015,2700000.0
52374,citroen,C4 Aircross,12500,"['Airbags', 'CD/MP3/Bluetooth', 'Air Conditioning']",Customs-cleared car,Yes,2015,1300000.0
64192,hyundai,Elantra,7500,"['ABS', 'Airbags', 'CD/MP3/Bluetooth', 'Rear Camera', 'Air Conditioning', 'Alloy Wheels', 'Central Locking']",WW in Morocco,Yes,2015,1350000.0
63140,kia,Ceed,165000,"['ABS', 'Airbags', 'Rear Camera', 'Air Conditioning', 'ESP', 'Alloy Wheels', 'Speed Limiter', 'Electric Windows']",WW in Morocco,No,2015,12000000.0
55068,mercedes-benz,Classe C,175000,"['CD/MP3/Bluetooth', 'Electric Windows']",Customs-cleared car,No,2015,3850000.0
88812,mercedes-benz,Classe C,175000,"['Rear Camera', 'Rear Camera']",Customs-cleared car,No,2015,3850000.0
55731,ford,Ranger,22500,"['Leather Seats', 'Electric Windows']",WW in Morocco,No,2015,1900000.0
49537,volkswagen,Jetta,155000,"['ABS', 'Airbags', 'Rear Camera', 'Air Conditioning', 'Alloy Wheels', 'Speed Limiter', 'Parking Sensors', 'Cruise Control', 'Central Locking', 'Electric Windows']",WW in Morocco,No,2016,1330000.0
97240,volkswagen,Touran,135000,"['ABS', 'Airbags', 'CD/MP3/Bluetooth', 'Rear Camera', 'Air Conditioning', 'ESP', 'Alloy Wheels', 'Speed Limiter', 'Onboard Computer', 'Parking Sensors', 'Cruise Control', 'Navigation System/GPS', 'Sunroof', 'Central Locking', 'Electric Windows']",Customs-cleared car,No,2016,24000000.0
34663,bmw,X5,17500,"['Airbags', 'CD/MP3/Bluetooth', 'Rear Camera', 'Air Conditioning', 'ESP', 'Alloy Wheels', 'Speed Limiter', 'Onboard Computer', 'Parking Sensors', 'Cruise Control', 'Leather Seats', 'Navigation System/GPS', 'Central Locking', 'Electric Windows']",WW in Morocco,Yes,2016,2800000.0
64481,mercedes-benz,Classe GLE,225000,"['ABS', 'Airbags', 'CD/MP3/Bluetooth', 'Rear Camera', 'Air Conditioning', 'ESP', 'Alloy Wheels', 'Speed Limiter', 'Onboard Computer', 'Parking Sensors', 'Leather Seats', 'Navigation System/GPS', 'Central Locking', 'Electric Windows']",WW in Morocco,No,2016,32000000.0
32539,mitsubishi,L200,325000,"['Alloy Wheels', 'Leather Seats']",WW in Morocco,No,2016,12000000.0
32392,dacia,Sandero,155000,"['Leather Seats', 'Leather Seats']",WW in Morocco,Yes,2016,1100000.0
60142,hyundai,Santa Fe,105000,"['Electric Windows', 'Rear Camera']",WW in Morocco,Yes,2016,2100000.0
59379,ford,Kuga,165000,"['ABS', 'Airbags', 'CD/MP3/Bluetooth', 'Air Conditioning', 'ESP', 'Alloy Wheels', 'Speed Limiter', 'Parking Sensors', 'Cruise Control', 'Leather Seats', 'Central Locking', 'Electric Windows']",WW in Morocco,No,2016,1600000.0
49078,ford,Kuga,125000,"['ABS', 'CD/MP3/Bluetooth', 'Rear Camera', 'Air Conditioning', 'Alloy Wheels', 'Speed Limiter', 'Onboard Computer', 'Parking Sensors', 'Cruise Control', 'Navigation System/GPS', 'Central Locking', 'Electric Windows']",WW in Morocco,No,2016,1530000.0
49542,volkswagen,Jetta,155000,"['ABS', 'Airbags', 'Rear Camera', 'Air Conditioning', 'ESP', 'Alloy Wheels', 'Speed Limiter', 'Parking Sensors', 'Cruise Control', 'Central Locking']",WW in Morocco,No,2016,1330000.0
16550,audi,Q5,165000,"['Air Conditioning', 'Leather Seats']",Customs-cleared car,Yes,2016,2900000.0
48267,hyundai,i 30,195000,"['ABS', 'Airbags', 'CD/MP3/Bluetooth', 'Rear Camera', 'Air Conditioning', 'ESP', 'Alloy Wheels', 'Speed Limiter', 'Parking Sensors', 'Cruise Control', 'Navigation System/GPS', 'Central Locking', 'Electric Windows']",WW in Morocco,No,2016,13500000.0
86485,ford,Fusion,27500,"['Leather Seats', 'Leather Seats']",WW in Morocco,No,2016,661676492.0
46571,volkswagen,GOLF 7,195000,"['ABS', 'Airbags', 'CD/MP3/Bluetooth', 'Rear Camera', 'Air Conditioning', 'ESP', 'Alloy Wheels', 'Speed Limiter', 'Onboard Computer', 'Cruise Control', 'Navigation System/GPS', 'Electric Windows']",WW in Morocco,No,2016,1650000.0
44546,fiat,500,52500,"['Rear Camera', 'CD/MP3/Bluetooth']",Car not yet customs-cleared,No,2017,1130000.0
66963,opel,Astra,62500,"['ABS', 'Airbags', 'CD/MP3/Bluetooth', 'Rear Camera', 'Air Conditioning', 'ESP', 'Alloy Wheels', 'Speed Limiter', 'Onboard Computer', 'Parking Sensors', 'Cruise Control', 'Leather Seats', 'Navigation System/GPS', 'Central Locking']",WW in Morocco,Yes,2017,1450000.0
15634,ford,Focus,165000,"['ABS', 'Airbags', 'CD/MP3/Bluetooth', 'Air Conditioning', 'Speed Limiter', 'Parking Sensors', 'Central Locking']",WW in Morocco,Yes,2017,1400000.0
40604,bmw,x6m,185000,"['ABS', 'Airbags', 'Rear Camera', 'Air Conditioning', 'Alloy Wheels', 'Speed Limiter', 'Onboard Computer', 'Cruise Control', 'Leather Seats', 'Navigation System/GPS', 'Sunroof', 'Central Locking', 'Electric Windows']",WW in Morocco,Yes,2017,4500000.0
86891,nissan,Qashqai,87500,"['Rear Camera', 'Leather Seats']",WW in Morocco,Yes,2017,1750000.0
43086,toyota,Hilux,175000,"['CD/MP3/Bluetooth', 'Electric Windows']",WW in Morocco,Yes,2017,1800000.0
60985,skoda,Octavia,135000,"['Alloy Wheels', 'CD/MP3/Bluetooth']",WW in Morocco,Yes,2017,1700000.0
87825,chrysler,Grand Voyager,175000,"['Rear Camera', 'Alloy Wheels', 'Speed Limiter', 'Leather Seats', 'Central Locking']",WW in Morocco,No,2017,2100000.0
43307,renault,Clio,275000,"['CD/MP3/Bluetooth', 'Leather Seats']",Customs-cleared car,Yes,2017,1050000.0
55234,volkswagen,GOLF PLUS,155000,"['CD/MP3/Bluetooth', 'Electric Windows']",Imported New,No,2017,32000000.0
64401,hyundai,Santa Fe,2500,"['Rear Camera', 'Air Conditioning', 'ESP', 'Alloy Wheels', 'Cruise Control', 'Leather Seats', 'Sunroof', 'Central Locking', 'Electric Windows']",WW in Morocco,No,2017,2000000.0
85769,volkswagen,Touareg,135000,"['ABS', 'CD/MP3/Bluetooth', 'Rear Camera', 'Air Conditioning', 'ESP', 'Alloy Wheels', 'Speed Limiter', 'Onboard Computer', 'Parking Sensors', 'Cruise Control', 'Central Locking', 'Electric Windows']",WW in Morocco,No,2017,1800000.0
75602,land rover,Range Rover Sport,125000,"['Leather Seats', 'Electric Windows']",Customs-cleared car,No,2018,7100000.0
40456,renault,Clio,12500,"['Air Conditioning', 'Speed Limiter', 'Cruise Control', 'Electric Windows']",WW in Morocco,Yes,2018,661229726.0
39523,audi,A6,135000,"['ABS', 'Airbags', 'CD/MP3/Bluetooth', 'Rear Camera', 'ESP', 'Alloy Wheels', 'Speed Limiter', 'Onboard Computer', 'Parking Sensors', 'Cruise Control', 'Leather Seats', 'Navigation System/GPS', 'Central Locking', 'Electric Windows']",WW in Morocco,No,2018,2450000.0
64551,ford,Transit,17500,"['Alloy Wheels', 'Electric Windows']",Customs-cleared car,Yes,2018,19000000.0
64616,audi,Q5,17500,"['Leather Seats', 'Leather Seats']",Imported New,Yes,2018,4400000.0
66930,dacia,Duster,17500,"['ABS', 'Airbags', 'CD/MP3/Bluetooth', 'Air Conditioning', 'ESP', 'Alloy Wheels', 'Speed Limiter', 'Onboard Computer', 'Parking Sensors', 'Cruise Control', 'Leather Seats', 'Navigation System/GPS', 'Central Locking', 'Electric Windows']",WW in Morocco,No,2018,1550000.0
60575,audi,A6,135000,"['ABS', 'Airbags', 'CD/MP3/Bluetooth', 'Rear Camera', 'Air Conditioning', 'ESP', 'Alloy Wheels', 'Speed Limiter', 'Onboard Computer', 'Parking Sensors', 'Cruise Control', 'Leather Seats', 'Navigation System/GPS', 'Electric Windows']",WW in Morocco,No,2018,2450000.0
101773,mercedes-benz,Classe G,32500,"['Leather Seats', 'CD/MP3/Bluetooth']",Imported New,Yes,2018,1560000.0
71102,audi,A6,135000,"['ABS', 'CD/MP3/Bluetooth', 'Rear Camera', 'Air Conditioning', 'ESP', 'Alloy Wheels', 'Speed Limiter', 'Onboard Computer', 'Parking Sensors', 'Cruise Control', 'Leather Seats', 'Navigation System/GPS', 'Central Locking', 'Electric Windows']",WW in Morocco,No,2018,2450000.0
37988,fiat,500,7500,"['Electric Windows', 'Leather Seats']",WW in Morocco,No,2018,1100000.0
95814,audi,A6,135000,"['ABS', 'Airbags', 'CD/MP3/Bluetooth', 'Rear Camera', 'ESP', 'Alloy Wheels', 'Speed Limiter', 'Onboard Computer', 'Parking Sensors', 'Cruise Control', 'Leather Seats', 'Navigation System/GPS', 'Central Locking', 'Electric Windows']",WW in Morocco,No,2018,2450000.0
14088,audi,A3,165000,"['ABS', 'Airbags', 'CD/MP3/Bluetooth', 'Rear Camera', 'Air Conditioning', 'Alloy Wheels', 'Speed Limiter', 'Onboard Computer', 'Parking Sensors', 'Cruise Control', 'Leather Seats', 'Navigation System/GPS', 'Sunroof', 'Central Locking', 'Electric Windows']",Customs-cleared car,Yes,2018,2950000.0
14665,dacia,Dokker,195000,"['Alloy Wheels', 'CD/MP3/Bluetooth']",Customs-cleared car,No,2018,11000000.0
16243,audi,A6,135000,"['Airbags', 'CD/MP3/Bluetooth', 'Rear Camera', 'Air Conditioning', 'ESP', 'Alloy Wheels', 'Speed Limiter', 'Onboard Computer', 'Parking Sensors', 'Cruise Control', 'Leather Seats', 'Navigation System/GPS', 'Central Locking', 'Electric Windows']",WW in Morocco,No,2018,2450000.0
82937,audi,A6,135000,"['ABS', 'Airbags', 'CD/MP3/Bluetooth', 'Rear Camera', 'Air Conditioning', 'ESP', 'Alloy Wheels', 'Speed Limiter', 'Onboard Computer', 'Parking Sensors', 'Cruise Control', 'Navigation System/GPS', 'Central Locking', 'Electric Windows']",WW in Morocco,No,2018,2450000.0
92419,audi,A6,135000,"['ABS', 'Airbags', 'CD/MP3/Bluetooth', 'Rear Camera', 'Air Conditioning', 'ESP', 'Speed Limiter', 'Onboard Computer', 'Parking Sensors', 'Cruise Control', 'Leather Seats', 'Navigation System/GPS', 'Central Locking', 'Electric Windows']",WW in Morocco,No,2018,2450000.0
19895,audi,A6,135000,"['Airbags', 'CD/MP3/Bluetooth', 'Rear Camera', 'Air Conditioning', 'ESP', 'Alloy Wheels', 'Speed Limiter', 'Onboard Computer', 'Parking Sensors', 'Cruise Control', 'Leather Seats', 'Navigation System/GPS', 'Central Locking', 'Electric Windows']",WW in Morocco,No,2018,2450000.0
21230,bmw,Serie 5,125000,"['ABS', 'Airbags', 'CD/MP3/Bluetooth', 'Rear Camera', 'Air Conditioning', 'ESP', 'Alloy Wheels', 'Speed Limiter', 'Onboard Computer', 'Parking Sensors', 'Cruise Control', 'Leather Seats', 'Navigation System/GPS', 'Central Locking']",WW in Morocco,No,2018,3550000.0
5521,audi,A6,135000,"['ABS', 'Airbags', 'CD/MP3/Bluetooth', 'Rear Camera', 'Air Conditioning', 'Alloy Wheels', 'Speed Limiter', 'Onboard Computer', 'Parking Sensors', 'Cruise Control', 'Leather Seats', 'Navigation System/GPS', 'Central Locking', 'Electric Windows']",WW in Morocco,No,2018,2450000.0
26787,fiat,FIORINO,225000,"['Leather Seats', 'Alloy Wheels']",WW in Morocco,No,2018,1050000.0
27868,audi,A6,135000,"['ABS', 'Airbags', 'CD/MP3/Bluetooth', 'Rear Camera', 'Air Conditioning', 'ESP', 'Alloy Wheels', 'Speed Limiter', 'Onboard Computer', 'Parking Sensors', 'Leather Seats', 'Navigation System/GPS', 'Central Locking', 'Electric Windows']",WW in Morocco,No,2018,2450000.0
31180,renault,Clio,125000,"['ABS', 'Airbags', 'CD/MP3/Bluetooth', 'Rear Camera', 'Air Conditioning', 'Alloy Wheels', 'Speed Limiter', 'Onboard Computer', 'Parking Sensors', 'Cruise Control', 'Leather Seats', 'Navigation System/GPS', 'Sunroof', 'Central Locking', 'Electric Windows']",WW in Morocco,No,2018,1201999.0
12539,audi,A6,135000,"['ABS', 'Airbags', 'CD/MP3/Bluetooth', 'Rear Camera', 'Air Conditioning', 'ESP', 'Alloy Wheels', 'Speed Limiter', 'Onboard Computer', 'Parking Sensors', 'Leather Seats', 'Navigation System/GPS', 'Central Locking', 'Electric Windows']",WW in Morocco,No,2018,2450000.0
83003,peugeot,Tepee,115000,"['Rear Camera', 'Alloy Wheels', 'Electric Windows']",WW in Morocco,No,2018,1250000.0
33921,renault,Clio,12500,"['Rear Camera', 'Leather Seats']",WW in Morocco,Yes,2018,701057871.0
10340,audi,sq8,105000,"['ABS', 'Airbags', 'CD/MP3/Bluetooth', 'Rear Camera', 'Air Conditioning', 'ESP', 'Alloy Wheels', 'Speed Limiter', 'Onboard Computer', 'Parking Sensors', 'Cruise Control', 'Leather Seats', 'Navigation System/GPS', 'Sunroof', 'Electric Windows']",Imported New,No,2019,8200000.0
20286,citroen,C-Elysée,125000,"['ABS', 'Airbags', 'CD/MP3/Bluetooth', 'Air Conditioning', 'ESP', 'Onboard Computer', 'Central Locking']",WW in Morocco,No,2019,1117000.0
88141,nissan,280,2500,"['Rear Camera', 'Alloy Wheels', 'Parking Sensors']",WW in Morocco,Yes,2019,2000000.0
50718,volkswagen,Tiguan,17500,"['Airbags', 'CD/MP3/Bluetooth', 'Rear Camera', 'Air Conditioning', 'Alloy Wheels', 'Speed Limiter', 'Onboard Computer', 'Parking Sensors', 'Cruise Control', 'Navigation System/GPS', 'Sunroof', 'Central Locking', 'Electric Windows']",Customs-cleared car,Yes,2019,4500000.0
39334,renault,Kangoo,135000,"['CD/MP3/Bluetooth', 'Air Conditioning', 'Navigation System/GPS', 'Central Locking', 'Electric Windows']",WW in Morocco,No,2019,1190000.0
34982,dacia,Dokker,135000,"['CD/MP3/Bluetooth', 'Leather Seats']",WW in Morocco,No,2019,1111111.0
93138,dacia,Dokker,2500,"['Electric Windows', 'Alloy Wheels']",WW in Morocco,No,2019,1180000.0
28009,kia,Picanto,7500,['Air Conditioning'],Customs-cleared car,Yes,2019,600816958.0
60559,renault,Kangoo,135000,"['Leather Seats', 'Rear Camera']",WW in Morocco,No,2019,1230000.0
8805,dacia,Duster,77500,"['ABS', 'Airbags', 'Rear Camera', 'Cruise Control', 'Electric Windows']",WW in Morocco,No,2019,1700000.0
86456,mercedes-benz,Classe G,62500,"['Rear Camera', 'Alloy Wheels']",Imported New,Yes,2019,2200000.0
66698,nissan,Qashqai,115000,"['ABS', 'Airbags', 'CD/MP3/Bluetooth', 'Rear Camera', 'Air Conditioning', 'ESP', 'Alloy Wheels', 'Speed Limiter', 'Onboard Computer', 'Parking Sensors', 'Cruise Control', 'Leather Seats', 'Sunroof', 'Central Locking', 'Electric Windows']",WW in Morocco,Yes,2019,1980000.0
37141,porsche,Panamera,67500,"['Alloy Wheels', 'Electric Windows']",Imported New,No,2019,1070000.0
49123,dacia,Dokker,17500,"['Electric Windows', 'Leather Seats']",WW in Morocco,Yes,2019,1120000.0
87737,land rover,Range Rover Sport,105000,"['CD/MP3/Bluetooth', 'Alloy Wheels']",Customs-cleared car,Yes,2019,661049493.0
80479,volkswagen,Tiguan,185000,"['ABS', 'Airbags', 'CD/MP3/Bluetooth', 'Air Conditioning', 'ESP', 'Alloy Wheels', 'Speed Limiter', 'Cruise Control', 'Navigation System/GPS', 'Electric Windows']",Customs-cleared car,No,2019,360000000.0
101000,bmw,M5,72500,"['ABS', 'Airbags', 'CD/MP3/Bluetooth', 'Rear Camera', 'Air Conditioning', 'ESP', 'Speed Limiter', 'Onboard Computer', 'Parking Sensors', 'Cruise Control', 'Leather Seats', 'Navigation System/GPS', 'Central Locking', 'Electric Windows']",Imported New,No,2019,1200000.0
77916,mercedes-benz,Classe GLA,115000,"['ABS', 'Airbags', 'CD/MP3/Bluetooth', 'Rear Camera', 'Air Conditioning', 'ESP', 'Alloy Wheels', 'Speed Limiter', 'Parking Sensors', 'Cruise Control', 'Leather Seats', 'Navigation System/GPS', 'Central Locking', 'Electric Windows']",Customs-cleared car,Yes,2019,4000000.0
94094,hyundai,Tucson,7500,"['Leather Seats', 'Rear Camera']",WW in Morocco,No,2019,2300000.0
21285,jaguar,XF,57500,"['ABS', 'Airbags', 'CD/MP3/Bluetooth', 'Rear Camera', 'Air Conditioning', 'ESP', 'Alloy Wheels', 'Speed Limiter', 'Onboard Computer', 'Parking Sensors', 'Leather Seats', 'Navigation System/GPS', 'Sunroof', 'Central Locking', 'Electric Windows']",WW in Morocco,Yes,2020,3600000.0
73402,dacia,Duster,92500,"['ABS', 'Airbags', 'CD/MP3/Bluetooth', 'Rear Camera', 'Air Conditioning', 'ESP', 'Speed Limiter', 'Onboard Computer', 'Parking Sensors', 'Cruise Control', 'Navigation System/GPS', 'Central Locking', 'Electric Windows']",WW in Morocco,Yes,2020,1640000.0
59231,bmw,Serie 8,67500,"['CD/MP3/Bluetooth', 'Leather Seats']",Imported New,No,2020,1100000.0
13844,mercedes-benz,Classe G,47500,"['Airbags', 'CD/MP3/Bluetooth', 'Rear Camera', 'Air Conditioning', 'ESP', 'Alloy Wheels', 'Speed Limiter', 'Onboard Computer', 'Parking Sensors', 'Cruise Control', 'Leather Seats', 'Navigation System/GPS', 'Sunroof', 'Central Locking', 'Electric Windows']",Imported New,Yes,2020,1650000.0
57904,peugeot,309,27500,"['ABS', 'Airbags', 'Air Conditioning', 'ESP', 'Alloy Wheels', 'Speed Limiter', 'Cruise Control', 'Leather Seats', 'Navigation System/GPS', 'Central Locking']",Imported New,Yes,2020,1100000.0
60397,volkswagen,Tiguan,92500,"['CD/MP3/Bluetooth', 'Alloy Wheels']",Customs-cleared car,Yes,2020,4600000.0
35066,volkswagen,Tiguan,165000,"['Airbags', 'CD/MP3/Bluetooth', 'Rear Camera', 'Air Conditioning', 'ESP', 'Alloy Wheels', 'Speed Limiter', 'Onboard Computer', 'Parking Sensors', 'Cruise Control', 'Leather Seats', 'Navigation System/GPS', 'Sunroof', 'Central Locking', 'Electric Windows']",Customs-cleared car,Yes,2020,3300000.0
62684,renault,Kangoo,32500,"['Electric Windows', 'Leather Seats']",WW in Morocco,Yes,2020,602959440.0
61251,renault,Clio,22500,"['Leather Seats', 'Leather Seats']",WW in Morocco,No,2020,1100000.0
85282,audi,Q5,185000,"['ABS', 'Airbags', 'CD/MP3/Bluetooth', 'Air Conditioning', 'ESP', 'Alloy Wheels', 'Speed Limiter', 'Onboard Computer', 'Parking Sensors', 'Cruise Control', 'Leather Seats', 'Navigation System/GPS', 'Central Locking', 'Electric Windows']",WW in Morocco,Yes,2020,3390000.0
43376,bmw,Serie 8 gran coupé,67500,"['Alloy Wheels', 'Alloy Wheels']",Imported New,No,2020,1180000.0
43470,peugeot,208,97500,"['CD/MP3/Bluetooth', 'Rear Camera', 'Air Conditioning', 'Alloy Wheels', 'Onboard Computer', 'Cruise Control']",WW in Morocco,Yes,2020,12000000.0
95855,land rover,Range Rover Evoque,27500,"['ABS', 'Airbags', 'CD/MP3/Bluetooth', 'Rear Camera', 'Air Conditioning', 'ESP', 'Alloy Wheels', 'Speed Limiter', 'Onboard Computer', 'Parking Sensors', 'Cruise Control', 'Leather Seats', 'Navigation System/GPS', 'Central Locking', 'Electric Windows']",Imported New,No,2020,4700000.0
87626,hyundai,Accent,225000,"['ABS', 'Airbags', 'CD/MP3/Bluetooth', 'Electric Windows']",WW in Morocco,Yes,2020,1450000.0
65071,porsche,cayenne_coupe,72500,"['ABS', 'Airbags', 'CD/MP3/Bluetooth', 'Air Conditioning', 'ESP', 'Alloy Wheels', 'Speed Limiter', 'Onboard Computer', 'Parking Sensors', 'Cruise Control', 'Leather Seats', 'Navigation System/GPS', 'Sunroof', 'Central Locking', 'Electric Windows']",Imported New,Yes,2020,1050000.0
16972,mercedes-benz,Classe A,185000,"['Rear Camera', 'Rear Camera']",WW in Morocco,No,2020,3100000.0
81497,fiat,500,87500,"['Leather Seats', 'Electric Windows']",WW in Morocco,Yes,2020,1304999.0
24742,porsche,cayenne_coupe,42500,"['ABS', 'Airbags', 'CD/MP3/Bluetooth', 'Rear Camera', 'Air Conditioning', 'ESP', 'Alloy Wheels', 'Speed Limiter', 'Onboard Computer', 'Cruise Control', 'Leather Seats', 'Navigation System/GPS', 'Sunroof', 'Central Locking', 'Electric Windows']",Imported New,Yes,2020,1050000.0
75053,audi,Q8,47500,"['Alloy Wheels', 'Alloy Wheels']",Imported New,Yes,2021,1130000.0
70212,toyota,C-HR,52500,"['CD/MP3/Bluetooth', 'Rear Camera']",WW in Morocco,No,2021,2190000.0
10361,porsche,Panamera,32500,"['ABS', 'Airbags', 'CD/MP3/Bluetooth', 'Rear Camera', 'Air Conditioning', 'Alloy Wheels', 'Speed Limiter', 'Onboard Computer', 'Parking Sensors', 'Cruise Control', 'Leather Seats', 'Navigation System/GPS', 'Sunroof', 'Central Locking', 'Electric Windows']",WW in Morocco,Yes,2021,1130000.0
69749,audi,RS6,42500,"['Electric Windows', 'CD/MP3/Bluetooth']",Car not yet customs-cleared,Yes,2021,1100000.0
63110,renault,Clio,27500,"['Leather Seats', 'Alloy Wheels']",WW in Morocco,Yes,2021,1650000.0
2379,dacia,Logan,37500,"['Air Conditioning', 'Speed Limiter', 'Cruise Control', 'Navigation System/GPS']",WW in Morocco,Yes,2021,1120000.0
2056,mercedes-benz,Classe S,42500,"['Alloy Wheels', 'Rear Camera']",Imported New,Yes,2021,1380000.0
73156,renault,Clio,27500,"['CD/MP3/Bluetooth', 'CD/MP3/Bluetooth']",WW in Morocco,No,2021,1400000.0
99389,nissan,Qashqai,87500,"['ABS', 'Airbags', 'Rear Camera', 'Air Conditioning', 'Alloy Wheels', 'Sunroof']",WW in Morocco,Yes,2021,2200000.0
67838,porsche,Cayenne,57500,"['ABS', 'Airbags', 'CD/MP3/Bluetooth', 'Rear Camera', 'Air Conditioning', 'ESP', 'Alloy Wheels', 'Speed Limiter', 'Onboard Computer', 'Parking Sensors', 'Cruise Control', 'Leather Seats', 'Navigation System/GPS', 'Central Locking', 'Electric Windows']",Imported New,Yes,2021,1115000.0
66168,renault,Clio,52500,"['Leather Seats', 'CD/MP3/Bluetooth']",WW in Morocco,Yes,2021,16000000.0
35383,dacia,Logan,52500,"['ABS', 'Airbags', 'CD/MP3/Bluetooth', 'Air Conditioning', 'Leather Seats']",WW in Morocco,Yes,2021,12000000.0
45080,dacia,Dokker,92500,"['Airbags', 'CD/MP3/Bluetooth', 'Speed Limiter', 'Electric Windows']",WW in Morocco,No,2021,99999999.0
27640,audi,A6,72500,"['ABS', 'Airbags', 'CD/MP3/Bluetooth', 'Rear Camera', 'Air Conditioning', 'ESP', 'Alloy Wheels', 'Speed Limiter', 'Parking Sensors', 'Cruise Control', 'Leather Seats', 'Navigation System/GPS', 'Central Locking', 'Electric Windows']",Imported New,Yes,2021,42000000.0
25531,dacia,Logan,57500,"['ABS', 'Airbags', 'CD/MP3/Bluetooth', 'Rear Camera', 'Alloy Wheels', 'Leather Seats']",WW in Morocco,Yes,2021,12000000.0
45026,dacia,sandero_stepway,52500,"['Electric Windows', 'Leather Seats']",WW in Morocco,Yes,2021,1550000.0
30588,renault,Clio,57500,"['Electric Windows', 'Rear Camera']",WW in Morocco,Yes,2021,1300000.0
24456,land rover,Defender,62500,"['ABS', 'Airbags', 'CD/MP3/Bluetooth', 'Rear Camera', 'Air Conditioning', 'ESP', 'Alloy Wheels', 'Onboard Computer', 'Parking Sensors', 'Cruise Control', 'Leather Seats', 'Navigation System/GPS', 'Sunroof', 'Central Locking', 'Electric Windows']",Customs-cleared car,Yes,2021,1120000.0
41769,isuzu,D-MAX,125000,"['CD/MP3/Bluetooth', 'Electric Windows']",WW in Morocco,Yes,2021,2000000.0
23138,dacia,Logan,37500,"['Air Conditioning', 'Speed Limiter', 'Navigation System/GPS', 'Electric Windows']",WW in Morocco,Yes,2021,1120000.0
86723,opel,Grandland X,62500,"['ABS', 'Airbags', 'CD/MP3/Bluetooth', 'Air Conditioning', 'Alloy Wheels', 'Speed Limiter', 'Onboard Computer', 'Parking Sensors', 'Cruise Control', 'Navigation System/GPS', 'Central Locking', 'Electric Windows']",WW in Morocco,No,2021,2100000.0
47771,renault,Clio,52500,"['Air Conditioning', 'Alloy Wheels']",WW in Morocco,No,2021,1400000.0
87178,mercedes-benz,Classe G,47500,"['Electric Windows', 'Rear Camera']",Imported New,No,2021,2250000.0
47946,citroen,C3,32500,"['ABS', 'Airbags', 'CD/MP3/Bluetooth', 'Alloy Wheels', 'Speed Limiter', 'Onboard Computer', 'Parking Sensors', 'Cruise Control', 'Central Locking', 'Electric Windows']",WW in Morocco,Yes,2021,1450000.0
49408,dacia,Duster,72500,"['CD/MP3/Bluetooth', 'Electric Windows']",WW in Morocco,Yes,2021,1804000.0
84161,ford,Kuga,67500,"['Alloy Wheels', 'Alloy Wheels']",WW in Morocco,Yes,2021,545485648.0
33919,peugeot,208,2500,"['Electric Windows', 'Electric Windows']",WW in Morocco,Yes,2021,1550000.0
71407,dacia,Duster,67500,"['Rear Camera', 'Rear Camera']",WW in Morocco,Yes,2021,1802000.0
55155,audi,A3,87500,"['ABS', 'Airbags', 'CD/MP3/Bluetooth', 'Rear Camera', 'Air Conditioning', 'Alloy Wheels', 'Speed Limiter', 'Onboard Computer', 'Parking Sensors', 'Cruise Control', 'Navigation System/GPS', 'Central Locking', 'Electric Windows']",WW in Morocco,No,2021,661280292.0
13268,porsche,cayenne_coupe,52500,"['Leather Seats', 'CD/MP3/Bluetooth']",Imported New,No,2021,1100000.0
37001,porsche,taycan,47500,"['CD/MP3/Bluetooth', 'CD/MP3/Bluetooth']",Customs-cleared car,Yes,2021,1660000.0
22312,mercedes-benz,Classe S,42500,"['Electric Windows', 'Electric Windows']",Imported New,Yes,2021,1380000.0
85327,jeep,Compass,72500,"['ABS', 'Airbags', 'Air Conditioning', 'Alloy Wheels', 'Speed Limiter', 'Onboard Computer', 'Parking Sensors', 'Cruise Control', 'Central Locking', 'Electric Windows']",WW in Morocco,Yes,2021,2300000.0
74012,mercedes-benz,Classe G,72500,"['ABS', 'Airbags', 'CD/MP3/Bluetooth', 'Rear Camera', 'Air Conditioning', 'Alloy Wheels', 'Speed Limiter', 'Onboard Computer', 'Parking Sensors', 'Cruise Control', 'Leather Seats', 'Navigation System/GPS', 'Sunroof', 'Central Locking', 'Electric Windows']",Imported New,Yes,2022,1740000.0
84967,land rover,Range Rover Sport,42500,"['ABS', 'Airbags', 'Rear Camera', 'Air Conditioning', 'Alloy Wheels', 'Speed Limiter', 'Onboard Computer', 'Parking Sensors', 'Cruise Control', 'Leather Seats', 'Navigation System/GPS', 'Sunroof', 'Central Locking', 'Electric Windows']",WW in Morocco,Yes,2022,1180000.0
72708,mitsubishi,pajero sport,17500,"['ABS', 'Airbags', 'CD/MP3/Bluetooth', 'Air Conditioning', 'ESP', 'Alloy Wheels', 'Speed Limiter', 'Onboard Computer', 'Parking Sensors', 'Cruise Control', 'Leather Seats', 'Navigation System/GPS', 'Sunroof', 'Central Locking', 'Electric Windows']",Customs-cleared car,Yes,2022,39500000.0
82877,volkswagen,GOLF 8,27500,"['Electric Windows', 'Leather Seats']",Car not yet customs-cleared,Yes,2022,4700000.0
98959,land rover,range_rover_vogue,27500,"['ABS', 'Airbags', 'CD/MP3/Bluetooth', 'Rear Camera', 'Air Conditioning', 'ESP', 'Alloy Wheels', 'Speed Limiter', 'Onboard Computer', 'Parking Sensors', 'Cruise Control', 'Navigation System/GPS', 'Sunroof', 'Central Locking', 'Electric Windows']",WW in Morocco,Yes,2022,1750000.0
85286,hyundai,Tucson,47500,"['Alloy Wheels', 'Leather Seats']",WW in Morocco,Yes,2022,31000000.0
75403,audi,RSQ8,7500,"['ABS', 'Airbags', 'CD/MP3/Bluetooth', 'Rear Camera', 'Air Conditioning', 'ESP', 'Alloy Wheels', 'Speed Limiter', 'Onboard Computer', 'Parking Sensors', 'Cruise Control', 'Leather Seats', 'Navigation System/GPS', 'Sunroof', 'Electric Windows']",Imported New,No,2022,2150000.0
95849,porsche,Panamera,72500,"['ABS', 'Airbags', 'CD/MP3/Bluetooth', 'Rear Camera', 'Air Conditioning', 'ESP', 'Alloy Wheels', 'Speed Limiter', 'Onboard Computer', 'Parking Sensors', 'Cruise Control', 'Leather Seats', 'Navigation System/GPS', 'Central Locking', 'Electric Windows']",Customs-cleared car,Yes,2022,1200000.0
89138,land rover,Range Rover Sport,42500,"['ABS', 'Airbags', 'Rear Camera', 'Air Conditioning', 'ESP', 'Alloy Wheels', 'Onboard Computer', 'Parking Sensors', 'Cruise Control', 'Leather Seats', 'Navigation System/GPS', 'Sunroof', 'Central Locking', 'Electric Windows']",WW in Morocco,Yes,2022,1180000.0
95021,audi,Q8,47500,"['ABS', 'Airbags', 'CD/MP3/Bluetooth', 'Rear Camera', 'Air Conditioning', 'ESP', 'Alloy Wheels', 'Speed Limiter', 'Onboard Computer', 'Parking Sensors', 'Cruise Control', 'Leather Seats', 'Navigation System/GPS', 'Sunroof', 'Electric Windows']",Imported New,Yes,2022,1080000.0
93480,land rover,range_rover_vogue,27500,"['ABS', 'Airbags', 'CD/MP3/Bluetooth', 'Rear Camera', 'Air Conditioning', 'ESP', 'Alloy Wheels', 'Speed Limiter', 'Onboard Computer', 'Parking Sensors', 'Leather Seats', 'Navigation System/GPS', 'Sunroof', 'Central Locking', 'Electric Windows']",WW in Morocco,Yes,2022,1750000.0
77451,land rover,Range Rover Sport,42500,"['ABS', 'Airbags', 'Rear Camera', 'Air Conditioning', 'ESP', 'Alloy Wheels', 'Speed Limiter', 'Onboard Computer', 'Parking Sensors', 'Cruise Control', 'Leather Seats', 'Sunroof', 'Central Locking', 'Electric Windows']",WW in Morocco,Yes,2022,1180000.0
76710,dacia,Logan,37500,"['Airbags', 'CD/MP3/Bluetooth', 'Rear Camera', 'Air Conditioning', 'Speed Limiter', 'Parking Sensors', 'Cruise Control', 'Leather Seats', 'Electric Windows']",WW in Morocco,Yes,2022,1320000.0
88483,mercedes-benz,Classe G,72500,"['Airbags', 'CD/MP3/Bluetooth', 'Rear Camera', 'Air Conditioning', 'ESP', 'Alloy Wheels', 'Speed Limiter', 'Onboard Computer', 'Parking Sensors', 'Cruise Control', 'Leather Seats', 'Navigation System/GPS', 'Sunroof', 'Central Locking', 'Electric Windows']",Imported New,Yes,2022,1740000.0
92257,mercedes-benz,Classe A,52500,"['ABS', 'Airbags', 'CD/MP3/Bluetooth', 'Rear Camera', 'Air Conditioning', 'ESP', 'Alloy Wheels', 'Speed Limiter', 'Onboard Computer', 'Cruise Control', 'Leather Seats', 'Navigation System/GPS', 'Sunroof', 'Central Locking', 'Electric Windows']",WW in Morocco,No,2022,3950000.0
90981,mercedes-benz,Classe G,72500,"['ABS', 'CD/MP3/Bluetooth', 'Rear Camera', 'Air Conditioning', 'ESP', 'Alloy Wheels', 'Speed Limiter', 'Onboard Computer', 'Parking Sensors', 'Cruise Control', 'Leather Seats', 'Navigation System/GPS', 'Sunroof', 'Central Locking', 'Electric Windows']",Imported New,Yes,2022,1740000.0
90476,land rover,range_rover_vogue,57500,"['Rear Camera', 'Leather Seats']",WW in Morocco,No,2022,1750000.0
89017,land rover,range_rover_vogue,27500,"['ABS', 'Airbags', 'CD/MP3/Bluetooth', 'Rear Camera', 'Air Conditioning', 'ESP', 'Speed Limiter', 'Onboard Computer', 'Parking Sensors', 'Cruise Control', 'Leather Seats', 'Navigation System/GPS', 'Sunroof', 'Central Locking', 'Electric Windows']",WW in Morocco,Yes,2022,1750000.0
80079,land rover,Range Rover Sport,42500,"['ABS', 'Airbags', 'Rear Camera', 'Air Conditioning', 'Alloy Wheels', 'Speed Limiter', 'Onboard Computer', 'Parking Sensors', 'Cruise Control', 'Leather Seats', 'Navigation System/GPS', 'Sunroof', 'Central Locking', 'Electric Windows']",WW in Morocco,Yes,2022,1180000.0
72571,mercedes-benz,Classe G,72500,"['ABS', 'Airbags', 'CD/MP3/Bluetooth', 'Air Conditioning', 'ESP', 'Alloy Wheels', 'Speed Limiter', 'Onboard Computer', 'Parking Sensors', 'Cruise Control', 'Leather Seats', 'Navigation System/GPS', 'Sunroof', 'Central Locking', 'Electric Windows']",Imported New,Yes,2022,1740000.0
645,land rover,Range Rover Sport,42500,"['ABS', 'Rear Camera', 'Air Conditioning', 'ESP', 'Alloy Wheels', 'Speed Limiter', 'Onboard Computer', 'Parking Sensors', 'Cruise Control', 'Leather Seats', 'Navigation System/GPS', 'Sunroof', 'Central Locking', 'Electric Windows']",WW in Morocco,Yes,2022,1180000.0
30045,citroen,C3 Aircross,32500,"['ABS', 'Airbags', 'Air Conditioning', 'ESP', 'Alloy Wheels', 'Speed Limiter', 'Onboard Computer', 'Parking Sensors', 'Cruise Control', 'Navigation System/GPS', 'Central Locking', 'Electric Windows']",WW in Morocco,Yes,2022,19000000.0
6691,land rover,range_rover_vogue,27500,"['ABS', 'Airbags', 'CD/MP3/Bluetooth', 'Rear Camera', 'Air Conditioning', 'ESP', 'Alloy Wheels', 'Speed Limiter', 'Onboard Computer', 'Parking Sensors', 'Cruise Control', 'Leather Seats', 'Sunroof', 'Central Locking', 'Electric Windows']",WW in Morocco,Yes,2022,1780000.0
29995,mercedes-benz,Classe G,72500,"['ABS', 'Airbags', 'CD/MP3/Bluetooth', 'Rear Camera', 'Air Conditioning', 'ESP', 'Alloy Wheels', 'Speed Limiter', 'Onboard Computer', 'Parking Sensors', 'Cruise Control', 'Leather Seats', 'Navigation System/GPS', 'Sunroof', 'Electric Windows']",Imported New,Yes,2022,1740000.0
29283,renault,express_van,27500,"['ABS', 'Airbags', 'CD/MP3/Bluetooth', 'Rear Camera', 'ESP', 'Speed Limiter', 'Onboard Computer', 'Parking Sensors', 'Navigation System/GPS', 'Central Locking', 'Electric Windows']",WW in Morocco,Yes,2022,16300000.0
28910,mercedes-benz,Vito,2500,"['CD/MP3/Bluetooth', 'Electric Windows']",WW in Morocco,Yes,2022,2000000.0
28055,mercedes-benz,Classe G,72500,"['ABS', 'Airbags', 'CD/MP3/Bluetooth', 'Rear Camera', 'Air Conditioning', 'ESP', 'Alloy Wheels', 'Speed Limiter', 'Onboard Computer', 'Parking Sensors', 'Cruise Control', 'Leather Seats', 'Sunroof', 'Central Locking', 'Electric Windows']",Imported New,Yes,2022,1740000.0
71762,dacia,Sandero,47500,"['Electric Windows', 'Electric Windows']",WW in Morocco,Yes,2022,1400000.0
22383,porsche,Cayenne,32500,"['CD/MP3/Bluetooth', 'Leather Seats']",Imported New,Yes,2022,1950000.0
22332,lexus,lx,22500,"['CD/MP3/Bluetooth', 'Electric Windows']",Imported New,Yes,2022,1150000.0
22307,land rover,Range Rover Sport,42500,"['ABS', 'Airbags', 'Rear Camera', 'Air Conditioning', 'ESP', 'Alloy Wheels', 'Speed Limiter', 'Onboard Computer', 'Parking Sensors', 'Cruise Control', 'Leather Seats', 'Navigation System/GPS', 'Sunroof', 'Electric Windows']",WW in Morocco,Yes,2022,1180000.0
21857,land rover,range_rover_vogue,27500,"['ABS', 'Airbags', 'CD/MP3/Bluetooth', 'Rear Camera', 'Air Conditioning', 'ESP', 'Alloy Wheels', 'Speed Limiter', 'Onboard Computer', 'Cruise Control', 'Leather Seats', 'Navigation System/GPS', 'Sunroof', 'Central Locking', 'Electric Windows']",WW in Morocco,Yes,2022,1780000.0
17984,land rover,range_rover_vogue,27500,"['ABS', 'Airbags', 'CD/MP3/Bluetooth', 'Rear Camera', 'Air Conditioning', 'ESP', 'Alloy Wheels', 'Speed Limiter', 'Onboard Computer', 'Parking Sensors', 'Cruise Control', 'Leather Seats', 'Sunroof', 'Central Locking', 'Electric Windows']",WW in Morocco,Yes,2022,1780000.0
14888,land rover,Range Rover Sport,42500,"['Airbags', 'Rear Camera', 'Air Conditioning', 'ESP', 'Alloy Wheels', 'Speed Limiter', 'Onboard Computer', 'Parking Sensors', 'Cruise Control', 'Leather Seats', 'Navigation System/GPS', 'Sunroof', 'Central Locking', 'Electric Windows']",WW in Morocco,Yes,2022,1180000.0
13156,land rover,range_rover_vogue,57500,"['Electric Windows', 'Electric Windows']",WW in Morocco,No,2022,1750000.0
11557,land rover,Range Rover Sport,42500,"['ABS', 'Airbags', 'Rear Camera', 'Air Conditioning', 'ESP', 'Alloy Wheels', 'Speed Limiter', 'Onboard Computer', 'Parking Sensors', 'Leather Seats', 'Navigation System/GPS', 'Sunroof', 'Central Locking', 'Electric Windows']",WW in Morocco,Yes,2022,1180000.0
11444,land rover,range_rover_vogue,27500,"['ABS', 'Airbags', 'CD/MP3/Bluetooth', 'Rear Camera', 'Air Conditioning', 'ESP', 'Alloy Wheels', 'Speed Limiter', 'Onboard Computer', 'Parking Sensors', 'Cruise Control', 'Leather Seats', 'Navigation System/GPS', 'Sunroof', 'Central Locking']",WW in Morocco,Yes,2022,1780000.0
10998,land rover,Range Rover Sport,42500,"['ABS', 'Airbags', 'Rear Camera', 'Air Conditioning', 'ESP', 'Alloy Wheels', 'Speed Limiter', 'Onboard Computer', 'Parking Sensors', 'Cruise Control', 'Leather Seats', 'Navigation System/GPS', 'Sunroof', 'Electric Windows']",WW in Morocco,Yes,2022,1180000.0
10961,land rover,Range Rover Sport,42500,"['ABS', 'Airbags', 'Rear Camera', 'Air Conditioning', 'ESP', 'Alloy Wheels', 'Speed Limiter', 'Onboard Computer', 'Parking Sensors', 'Cruise Control', 'Leather Seats', 'Sunroof', 'Central Locking', 'Electric Windows']",WW in Morocco,Yes,2022,1180000.0
5302,land rover,Range Rover Sport,42500,"['ABS', 'Airbags', 'Rear Camera', 'Air Conditioning', 'ESP', 'Alloy Wheels', 'Speed Limiter', 'Onboard Computer', 'Parking Sensors', 'Cruise Control', 'Leather Seats', 'Navigation System/GPS', 'Sunroof', 'Central Locking']",WW in Morocco,Yes,2022,1180000.0
9497,land rover,Range Rover Sport,42500,"['ABS', 'Airbags', 'Rear Camera', 'Air Conditioning', 'ESP', 'Alloy Wheels', 'Speed Limiter', 'Parking Sensors', 'Cruise Control', 'Leather Seats', 'Navigation System/GPS', 'Sunroof', 'Central Locking', 'Electric Windows']",WW in Morocco,Yes,2022,1180000.0
9380,land rover,range_rover_vogue,27500,"['ABS', 'Airbags', 'CD/MP3/Bluetooth', 'Rear Camera', 'Air Conditioning', 'ESP', 'Alloy Wheels', 'Speed Limiter', 'Onboard Computer', 'Parking Sensors', 'Cruise Control', 'Leather Seats', 'Navigation System/GPS', 'Sunroof', 'Central Locking']",WW in Morocco,Yes,2022,1780000.0
7859,mercedes-benz,Classe G,72500,"['ABS', 'CD/MP3/Bluetooth', 'Rear Camera', 'Air Conditioning', 'ESP', 'Alloy Wheels', 'Speed Limiter', 'Onboard Computer', 'Parking Sensors', 'Cruise Control', 'Leather Seats', 'Navigation System/GPS', 'Sunroof', 'Central Locking', 'Electric Windows']",Imported New,Yes,2022,1740000.0
34684,peugeot,208,32500,"['Rear Camera', 'Air Conditioning', 'Alloy Wheels', 'Parking Sensors', 'Electric Windows']",WW in Morocco,No,2022,1600000.0
35514,land rover,Range Rover Sport,42500,"['ABS', 'Airbags', 'Air Conditioning', 'ESP', 'Alloy Wheels', 'Speed Limiter', 'Onboard Computer', 'Parking Sensors', 'Cruise Control', 'Leather Seats', 'Navigation System/GPS', 'Sunroof', 'Central Locking', 'Electric Windows']",WW in Morocco,Yes,2022,1180000.0
5324,mercedes-benz,Classe A,52500,"['ABS', 'Airbags', 'CD/MP3/Bluetooth', 'Rear Camera', 'Air Conditioning', 'ESP', 'Alloy Wheels', 'Speed Limiter', 'Onboard Computer', 'Parking Sensors', 'Cruise Control', 'Leather Seats', 'Navigation System/GPS', 'Central Locking', 'Electric Windows']",WW in Morocco,No,2022,3950000.0
50987,land rover,Range Rover Sport,42500,"['ABS', 'Airbags', 'Rear Camera', 'Air Conditioning', 'ESP', 'Alloy Wheels', 'Speed Limiter', 'Parking Sensors', 'Cruise Control', 'Leather Seats', 'Navigation System/GPS', 'Sunroof', 'Central Locking', 'Electric Windows']",WW in Morocco,Yes,2022,1180000.0
37414,mercedes-benz,Classe G,72500,"['ABS', 'Airbags', 'Rear Camera', 'Air Conditioning', 'ESP', 'Alloy Wheels', 'Speed Limiter', 'Onboard Computer', 'Parking Sensors', 'Cruise Control', 'Leather Seats', 'Navigation System/GPS', 'Sunroof', 'Central Locking', 'Electric Windows']",Imported New,Yes,2022,1740000.0
49329,land rover,Range Rover Sport,42500,"['ABS', 'Airbags', 'Rear Camera', 'Air Conditioning', 'ESP', 'Alloy Wheels', 'Speed Limiter', 'Onboard Computer', 'Cruise Control', 'Leather Seats', 'Navigation System/GPS', 'Sunroof', 'Central Locking', 'Electric Windows']",WW in Morocco,Yes,2022,1180000.0
57095,land rover,Range Rover Sport,42500,"['ABS', 'Rear Camera', 'Air Conditioning', 'ESP', 'Alloy Wheels', 'Speed Limiter', 'Onboard Computer', 'Parking Sensors', 'Cruise Control', 'Leather Seats', 'Navigation System/GPS', 'Sunroof', 'Central Locking', 'Electric Windows']",WW in Morocco,Yes,2022,1180000.0
48949,mercedes-benz,Classe G,72500,"['ABS', 'Airbags', 'CD/MP3/Bluetooth', 'Rear Camera', 'Air Conditioning', 'ESP', 'Alloy Wheels', 'Speed Limiter', 'Onboard Computer', 'Parking Sensors', 'Cruise Control', 'Leather Seats', 'Navigation System/GPS', 'Central Locking', 'Electric Windows']",Imported New,Yes,2022,1740000.0
45903,ds,DS 4,22500,"['ABS', 'Airbags', 'CD/MP3/Bluetooth', 'Rear Camera', 'Air Conditioning', 'Alloy Wheels', 'Speed Limiter', 'Onboard Computer', 'Parking Sensors', 'Cruise Control', 'Central Locking', 'Electric Windows']",WW in Morocco,Yes,2022,3200000.0
57436,mercedes-benz,Classe G,72500,"['ABS', 'Airbags', 'CD/MP3/Bluetooth', 'Rear Camera', 'Air Conditioning', 'ESP', 'Alloy Wheels', 'Speed Limiter', 'Onboard Computer', 'Parking Sensors', 'Cruise Control', 'Navigation System/GPS', 'Sunroof', 'Central Locking', 'Electric Windows']",Imported New,Yes,2022,1740000.0
54735,mercedes-benz,Classe G,72500,"['ABS', 'Airbags', 'CD/MP3/Bluetooth', 'Air Conditioning', 'ESP', 'Alloy Wheels', 'Speed Limiter', 'Onboard Computer', 'Parking Sensors', 'Cruise Control', 'Leather Seats', 'Navigation System/GPS', 'Sunroof', 'Central Locking', 'Electric Windows']",Imported New,Yes,2022,1740000.0
2077,lexus,lx,22500,"['Leather Seats', 'Leather Seats']",Imported New,Yes,2022,1150000.0
64057,mercedes-benz,Classe G,72500,"['ABS', 'Airbags', 'CD/MP3/Bluetooth', 'Rear Camera', 'Air Conditioning', 'ESP', 'Alloy Wheels', 'Speed Limiter', 'Onboard Computer', 'Parking Sensors', 'Cruise Control', 'Navigation System/GPS', 'Sunroof', 'Central Locking', 'Electric Windows']",Imported New,Yes,2022,1740000.0
66827,land rover,Range Rover Sport,42500,"['ABS', 'Airbags', 'Rear Camera', 'Air Conditioning', 'ESP', 'Alloy Wheels', 'Speed Limiter', 'Onboard Computer', 'Parking Sensors', 'Cruise Control', 'Leather Seats', 'Navigation System/GPS', 'Central Locking', 'Electric Windows']",WW in Morocco,Yes,2022,1180000.0
38092,land rover,Range Rover Sport,42500,"['ABS', 'Airbags', 'Rear Camera', 'Air Conditioning', 'ESP', 'Alloy Wheels', 'Speed Limiter', 'Onboard Computer', 'Cruise Control', 'Leather Seats', 'Navigation System/GPS', 'Sunroof', 'Central Locking', 'Electric Windows']",WW in Morocco,Yes,2022,1180000.0
68929,dacia,Logan,22500,"['ABS', 'Airbags', 'CD/MP3/Bluetooth', 'Rear Camera', 'Air Conditioning', 'ESP', 'Speed Limiter', 'Onboard Computer', 'Parking Sensors', 'Cruise Control', 'Navigation System/GPS', 'Electric Windows']",WW in Morocco,Yes,2022,1200000.0
69269,land rover,Range Rover Sport,42500,"['ABS', 'Airbags', 'Rear Camera', 'Air Conditioning', 'ESP', 'Alloy Wheels', 'Speed Limiter', 'Parking Sensors', 'Cruise Control', 'Leather Seats', 'Navigation System/GPS', 'Sunroof', 'Central Locking', 'Electric Windows']",WW in Morocco,Yes,2022,1180000.0
2125,porsche,Cayenne,32500,"['Alloy Wheels', 'Alloy Wheels']",Imported New,Yes,2022,1950000.0
52372,porsche,Cayenne,32500,"['ABS', 'Airbags', 'CD/MP3/Bluetooth', 'Rear Camera', 'ESP', 'Alloy Wheels', 'Speed Limiter', 'Onboard Computer', 'Parking Sensors', 'Cruise Control', 'Leather Seats', 'Navigation System/GPS', 'Sunroof', 'Central Locking', 'Electric Windows']",WW in Morocco,Yes,2022,1270000.0
12553,land rover,range_rover_vogue,32500,"['ABS', 'Airbags', 'CD/MP3/Bluetooth', 'Rear Camera', 'Air Conditioning', 'ESP', 'Alloy Wheels', 'Speed Limiter', 'Onboard Computer', 'Parking Sensors', 'Cruise Control', 'Leather Seats', 'Navigation System/GPS', 'Sunroof', 'Central Locking']",WW in Morocco,Yes,2023,190000000.0
68711,kia,Seltos,27500,"['Airbags', 'Rear Camera', 'Speed Limiter', 'Central Locking']",WW in Morocco,Yes,2023,2105000.0
81982,mercedes-benz,Classe A,97500,"['Airbags', 'CD/MP3/Bluetooth', 'Rear Camera', 'Air Conditioning', 'ESP', 'Alloy Wheels', 'Speed Limiter', 'Onboard Computer', 'Parking Sensors', 'Cruise Control', 'Leather Seats', 'Navigation System/GPS', 'Sunroof', 'Central Locking', 'Electric Windows']",Customs-cleared car,No,2023,3900000.0
96782,land rover,Range Rover Sport,47500,"['Alloy Wheels', 'CD/MP3/Bluetooth']",WW in Morocco,Yes,2023,1390000.0
78479,land rover,Range Rover Sport,22500,"['ABS', 'Airbags', 'Rear Camera', 'Air Conditioning', 'Alloy Wheels', 'Speed Limiter', 'Cruise Control', 'Leather Seats', 'Navigation System/GPS', 'Electric Windows']",WW in Morocco,Yes,2023,1320000.0
43779,porsche,Cayenne,32500,"['ABS', 'Airbags', 'CD/MP3/Bluetooth', 'Rear Camera', 'ESP', 'Alloy Wheels', 'Speed Limiter', 'Onboard Computer', 'Parking Sensors', 'Cruise Control', 'Leather Seats', 'Navigation System/GPS', 'Sunroof', 'Central Locking', 'Electric Windows']",WW in Morocco,Yes,2023,1220000.0
41482,porsche,cayenne_coupe,17500,"['Electric Windows', 'Rear Camera']",Imported New,Yes,2023,1380000.0
81924,rover,Serie 400,22500,"['ABS', 'Airbags', 'Rear Camera', 'Air Conditioning', 'Alloy Wheels', 'Speed Limiter', 'Parking Sensors', 'Cruise Control', 'Leather Seats', 'Navigation System/GPS', 'Sunroof', 'Central Locking', 'Electric Windows']",WW in Morocco,Yes,2023,1320000.0
32354,dacia,Sandero,7500,"['CD/MP3/Bluetooth', 'Electric Windows']",WW in Morocco,Yes,2023,55555555.0
96279,audi,Q8,12500,"['ABS', 'Airbags', 'CD/MP3/Bluetooth', 'Rear Camera', 'Air Conditioning', 'ESP', 'Alloy Wheels', 'Speed Limiter', 'Parking Sensors', 'Cruise Control', 'Leather Seats', 'Navigation System/GPS', 'Sunroof', 'Central Locking', 'Electric Windows']",Imported New,Yes,2023,1170000.0
2147,porsche,cayenne_coupe,2500,"['CD/MP3/Bluetooth', 'Electric Windows']",Imported New,Yes,2024,2650000.0
3959,bmw,M5,2500,"['Leather Seats', 'Leather Seats']",Customs-cleared car,Yes,2024,2050000.0
2133,porsche,cayenne_coupe,2500,"['Rear Camera', 'Leather Seats']",Imported New,Yes,2024,2650000.0
2065,land rover,Range Rover Sport,22500,"['Rear Camera', 'CD/MP3/Bluetooth']",Imported New,Yes,2024,1850000.0
2128,mercedes-benz,Classe E,2500,"['Alloy Wheels', 'Leather Seats']",Imported New,Yes,2024,1280000.0
69724,porsche,taycan,7500,"['CD/MP3/Bluetooth', 'Leather Seats']",Customs-cleared car,Yes,2024,1200000.0
22391,porsche,cayenne_coupe,2500,"['CD/MP3/Bluetooth', 'Alloy Wheels']",Imported New,Yes,2024,2650000.0
92866,mercedes-benz,CLASSE GLC COUPE,2500,"['ABS', 'Airbags', 'CD/MP3/Bluetooth', 'Rear Camera', 'Air Conditioning', 'ESP', 'Alloy Wheels', 'Speed Limiter', 'Onboard Computer', 'Parking Sensors', 'Cruise Control', 'Leather Seats', 'Navigation System/GPS', 'Central Locking', 'Electric Windows']",Imported New,Yes,2024,1200000.0
12227,land rover,Range Rover Sport,2500,"['Electric Windows', 'CD/MP3/Bluetooth']",Imported New,Yes,2024,1980000.0
21270,porsche,cayenne_coupe,2500,"['Alloy Wheels', 'Electric Windows']",Imported New,Yes,2024,1950000.0
22320,land rover,Range Rover Sport,22500,"['Electric Windows', 'Alloy Wheels']",Imported New,Yes,2024,1850000.0
22386,mercedes-benz,Classe E,2500,"['Electric Windows', 'Electric Windows']",Imported New,Yes,2024,1280000.0
26302,bmw,M5,2500,"['CD/MP3/Bluetooth', 'Electric Windows']",Customs-cleared car,Yes,2024,2050000.0
33695,mercedes-benz,220,12500,['Airbags'],WW in Morocco,No,2024,648237460.0
79478,land rover,Range Rover Sport,2500,"['Electric Windows', 'Rear Camera']",Imported New,Yes,2024,2150000.0
74892,renault,Clio,2500,"['CD/MP3/Bluetooth', 'Leather Seats']",WW in Morocco,Yes,2024,30000000.0
74315,porsche,cayenne_coupe,2500,"['ABS', 'Airbags', 'Rear Camera', 'Air Conditioning', 'ESP', 'Alloy Wheels', 'Speed Limiter', 'Onboard Computer', 'Parking Sensors', 'Cruise Control', 'Leather Seats', 'Navigation System/GPS', 'Central Locking', 'Electric Windows']",Imported New,Yes,2024,2100000.0
6645,mercedes-benz,CLASSE GLC COUPE,2500,"['ABS', 'Airbags', 'CD/MP3/Bluetooth', 'Rear Camera', 'Air Conditioning', 'ESP', 'Alloy Wheels', 'Speed Limiter', 'Onboard Computer', 'Parking Sensors', 'Cruise Control', 'Leather Seats', 'Navigation System/GPS', 'Sunroof', 'Electric Windows']",Imported New,Yes,2024,1200000.0
101780,mercedes-benz,CLASSE GLC COUPE,2500,"['Electric Windows', 'Alloy Wheels']",Imported New,Yes,2024,1100000.0
